<?xml version="1.0" encoding="UTF-8"?>
<!DOCTYPE mapper
  PUBLIC "-//mybatis.org//DTD Mapper 3.0//EN"
  "https://mybatis.org/dtd/mybatis-3-mapper.dtd">
<mapper namespace="com.book45.mapper.AlbumMapper">

	<select id="getList" resultType="com.book45.domain.AlbumVO">

		select * from album where num > 0

	</select>

	<insert id="insert">

		insert into
		album(num, productNum,category, albumTitle, albumPrice, singer, ent, releaseDate,ratingAvg, albumPictureUrl, stock)
		values (album_seq.nextval, #{productNum}, #{category}, #{albumTitle},
		#{albumPrice}, #{singer}, #{ent}, #{releaseDate},#{ratingAvg}, #{albumPictureUrl}, #{stock})

	</insert>

	<insert id="insertSelectKey">

		<selectKey keyProperty="num" order="BEFORE" resultType="int">
			select album_seq.nextval from dual
		</selectKey>

		insert into
		album(num,productNum,category,albumTitle,albumPrice,singer,ent,releaseDate,albumPictureUrl,stock)
		values (#{num}, #{productNum}, #{category}, #{albumTitle}, #{albumPrice},
		#{singer}, #{ent}, #{releaseDate}, #{albumPictureUrl}, #{stock})

	</insert>
	
	<!-- <insert id="insertSelectKey">

		<selectKey keyProperty="num" order="BEFORE" resultType="int">
			select album_seq.nextval from dual
		</selectKey>

		insert into
		album(num,productNum,category,albumTitle,albumPrice,singer,ent,releaseDate,albumPictureUrl,stock)
		values (#{num}, #{productNum}, #{category}, #{albumTitle}, #{albumPrice},
		#{singer}, #{ent}, #{releaseDate}, #{albumPictureUrl}, #{stock})

	</insert> -->

	<select id="read" resultType="com.book45.domain.AlbumVO">

		select * from album where productNum = #{productNum}

	</select>

	<delete id="delete">

		delete from album where productNum =#{productNum}

	</delete>

	<update id="update">

		<!-- update album set category=#{category}, title=#{title}, singer=#{singer} 
			where num = #{num} -->
		update album set category=#{category}, albumTitle=#{albumTitle}, albumPrice=#{albumPrice},
		singer=#{singer}, ent=#{ent},releaseDate=#{releaseDate}, albumPictureUrl=#{albumPictureUrl}, stock=#{stock} where productNum =#{productNum}

	</update>
	
	<sql id="criteria">
		<trim prefix="(" suffix=") AND " prefixOverrides="OR">
			<foreach item='type' collection="typeArr">
				<trim prefix="OR">
					<choose>
						<when test="type == 'C'.toString()">
							category like '%'||#{keyword}||'%'
						</when>
						<when test="type == 'T'.toString()">
							albumTitle like '%' || #{keyword}||'%'
						</when>
						<when test="type == 'S'.toString()">
							singer like '%'||#{keyword}||'%'
						</when>
					</choose>
				</trim>
			</foreach>
		</trim>
	</sql>
	
	<select id ="getListWithPaging" resultType="com.book45.domain.AlbumVO">
	
	<![CDATA[
		select num, productNum, category, albumTitle, albumPrice, singer, ent, releaseDate,ratingAvg, albumPictureUrl, stock
		from (
			select 
			rownum rn, num, productNum, category, albumTitle, albumPrice, singer, ent, releaseDate, ratingAvg, albumPictureUrl, stock
			from album 
			where 
		]]>
		
		<include refid="criteria"></include>
		
		<![CDATA[	
			rownum <= #{pageNum} * #{amount}
		)
		
		where rn > (#{pageNum} -1) * #{amount} 
		]]>
	</select>
	
	<select id="getTotalCount" resultType="int">
	
		select count(*) from album where <include refid="criteria"></include> num > 0
	
	</select>
	
	<select id="getProductNumName" resultType="com.book45.domain.AlbumVO">
	
		select productNum, albumTitle from album where productNum = #{productNum}
	</select>
	
	<select id="getCategory" resultType="com.book45.domain.AlbumVO">
	
		select * from album where category = #{category}
		
	</select>
	
	<!-- <insert id="imageEnroll">
	
		insert into albumImage(productNum, fileName, uploadPath, uuid) 
		values (#{productNum}, #{fileName}, #{uploadPath}, #{uuid})
		
	</insert>
	
	지정 상품 이미지 전체 삭제 
	<delete id="deleteImageAll">
	
		delete from albumImage where productNum=#{productNum}
	</delete>
	
	<select id="checkFileList" resultType="com.book45.domain.AlbumImageVO">
	
		select * from albumImage where uploadPath = to_char(sysdate -1, 'yyyy\mm\dd')
	</select>
	
	지정 상품 이미지 정보 얻기
	<select id="getAlbumImageInfo" resultType="com.book45.domain.AlbumImageVO">
	
		select * from albumImage where productNum=#{productNum}
	</select> -->
</mapper>