<?xml version="1.0" encoding="UTF-8"?>
<!DOCTYPE mapper
  PUBLIC "-//mybatis.org//DTD Mapper 3.0//EN"
  "https://mybatis.org/dtd/mybatis-3-mapper.dtd">
<mapper namespace="com.book45.mapper.AdminMapper">

	<!-- 주문 리스트 -->
	<select id="getOrderList" resultType="list" >
		<![CDATA[
		select * 
		from(
		    select rownum rn, orderNum, Id, orderState, orderDate
		    from orders
		    where rownum <= #{pageNum} * #{amount} 
		]]>    
		<if test="keyword != null">
			and Id like '%'||#{keyword}||'%'
		</if>
		<![CDATA[
		    
		    order by orderDate desc
		    )
		where rn > (#{pageNum} -1) * #{amount}
		]]>
	</select>	
	
	<!-- 상품 총 개수 -->
	<select id="getOrderTotal" resultType="int">
	
		select count(*) from orders
		
	    <if test="keyword != null">
	    	where Id like '%'||#{keyword}||'%'
	    </if>
	
	</select>


</mapper>