<?xml version="1.0" encoding="UTF-8"?>
<!DOCTYPE mapper
  PUBLIC "-//mybatis.org//DTD Mapper 3.0//EN"
  "https://mybatis.org/dtd/mybatis-3-mapper.dtd">
<mapper namespace="com.book45.mapper.BookReviewMapper">

	<insert id="insert">
	
		insert into bookReview(num, isbn, id, nickname, content)
		values(bookReview_seq.nextval, #{isbn}, #{id}, #{nickname}, #{content})
		
	</insert>
	
	<select id="read" resultType="com.book45.domain.BookReviewVO">

	select * from bookReview where num = #{num} 
	
	</select>
	
	<delete id="delete">

	delete from bookReview where num = #{num}
	
	</delete>
	
	<update id="update">

	update bookReview set content = #{content}, updateDate = sysdate where num=#{num}
	
	</update>
	
	<select id ="getListWithPaging" resultType="com.book45.domain.BookReviewVO">
	
	<![CDATA[
		select num, isbn, id, nickname, content, writedate, updatedate
		from (
			select  /*+INDEX(bookreview idx_bookreview) */
			rownum rn, num, isbn, id, nickname, content, writedate, updatedate
			from bookreview 
			where isbn = #{isbn}
			and num > 0	
			and rownum <= #{cri.pageNum} * #{cri.amount}
			) where rn > (#{cri.pageNum} -1) * #{cri.amount} 
		]]>
		
	</select>
	
	<select id="getCountByIsbn" resultType="int">

	select count(num) from bookReview where isbn = #{isbn}
	
</select>
</mapper>
