<?xml version="1.0" encoding="UTF-8"?>
<!DOCTYPE mapper
  PUBLIC "-//mybatis.org//DTD Mapper 3.0//EN"
  "https://mybatis.org/dtd/mybatis-3-mapper.dtd">
<mapper namespace="com.book45.mapper.QnaReplyMapper">

<insert id="insert">
	insert into qnareply(num, qNum, content, id) values(QNAREPLY_SEQ.nextval, #{qNum}, #{content}, #{id})
</insert>

<select id="read" resultType="com.book45.domain.QnaReplyVO">
	select * from qnareply where num = #{num}
</select>

<delete id="delete">
	delete from qnareply where num = #{num}
</delete>

<update id="update">
	update qnareply set content = #{content}, updateDate = sysdate where num = #{num}
</update>

<select id="getListWithPaging" resultType="com.book45.domain.QnaReplyVO">
<![CDATA[
	select num, qNum, content, id, writeDate, updateDate 
	from 
	(
	 select /*+ index(qnareply ipk_qnareply) */
	 rownum rn, num, qNum, content, id, writeDate, updateDate
	 from qnareply
	 where qNum = #{qNum} and num >0 and rownum <= #{cri.pageNum} * #{cri.amount}
	) 
	where rn >(#{cri.pageNum}-1) *#{cri.amount}
	
	]]>
</select>

<select id="getCountByQnum" resultType="int">
	
	select count(num) from qnareply where qnum=#{qNum}

</select>
</mapper>